Date,Store,Store_Type,Footfall,Transactions,Conversion_Rate_Pct,Avg_Basket_Value,Gross_Sales,Net_Sales,Operating_Cost,Net_Profit,Promotion_Active
2024-02-18,Store_Kolkata,Flagship,1023,145,14.2,636.48,92289.6,89613.2,64215.68,25397.52,No
2024-12-01,Store_Delhi,Express,227,44,19.4,1668.41,73410.04,70326.82,53618.68,16708.14,No
2024-02-02,Store_Chennai,Flagship,879,112,12.8,1568.87,175713.44,170793.46,121828.45,48965.01,No
2023-03-31,Store_Ahmedabad,Standard,409,62,15.3,366.38,22715.56,21806.94,16989.29,4817.65,No
2023-03-24,Store_Ahmedabad,Express,334,81,24.3,2449.93,198444.33,187331.45,117710.16,69621.29,No
2023-06-14,Store_Ahmedabad,Express,340,43,12.8,1431.87,61570.41,59230.73,35215.72,24015.01,Yes
2024-04-30,Store_Kolkata,Flagship,1374,344,25.1,657.26,226097.44,207557.45,141585.0,65972.45,Yes
2024-06-19,Store_Kolkata,Flagship,1335,457,34.3,1726.93,789207.01,738697.76,520161.75,218536.01,Yes
2023-12-29,Store_Ahmedabad,Flagship,536,167,31.3,1639.29,273761.43,247754.09,183860.07,63894.02,No
2023-05-08,Store_Delhi,Flagship,549,69,12.7,731.94,50503.86,48736.22,29873.83,18862.39,No
2023-11-23,Store_Ahmedabad,Flagship,1279,143,11.2,2118.05,302881.15,291068.79,170969.71,120099.08,No
2023-01-12,Store_Mumbai,Standard,312,58,18.8,2118.09,122849.22,115478.27,77740.59,37737.68,No
2024-07-01,Store_Delhi,Flagship,1314,432,32.9,1901.57,821478.24,772189.55,524755.99,247433.56,No
2024-11-01,Store_Chennai,Express,287,31,10.9,1828.95,56697.45,53805.88,39846.89,13958.99,No
2024-11-21,Store_Chennai,Standard,354,100,28.3,522.27,52227.0,48884.47,38792.2,10092.27,No
2023-03-13,Store_Hyderabad,Express,327,95,29.3,1496.47,142164.65,126100.04,85493.15,40606.89,No
2024-02-24,Store_Bangalore,Standard,397,104,26.3,2204.82,229301.28,210498.58,158897.79,51600.79,Yes
2024-01-24,Store_Pune,Flagship,759,197,26.0,1842.83,363037.51,320925.16,213703.99,107221.17,No
2024-11-14,Store_Bangalore,Express,167,32,19.3,1968.2,62982.4,57251.0,39782.78,17468.22,No
2024-11-03,Store_Kolkata,Flagship,516,115,22.4,352.78,40569.7,38500.65,27768.34,10732.31,No
2023-06-21,Store_Ahmedabad,Flagship,674,208,31.0,1246.2,259209.6,239509.67,175017.11,64492.56,No
2024-09-12,Store_Hyderabad,Flagship,1168,408,35.0,2083.71,850153.68,826349.38,473018.86,353330.52,Yes
2024-03-02,Store_Hyderabad,Standard,704,175,24.9,1878.47,328732.25,303419.87,193557.8,109862.07,Yes
2024-02-09,Store_Kolkata,Flagship,675,114,16.9,2237.43,255067.02,227009.65,184562.64,42447.01,No
2024-12-19,Store_Kolkata,Standard,492,134,27.3,1123.65,150569.1,144395.77,96760.59,47635.18,No
2024-01-27,Store_Bangalore,Standard,497,123,24.9,2319.39,285284.97,260465.18,212847.44,47617.74,No
2023-09-03,Store_Ahmedabad,Express,104,17,16.9,1412.37,24010.29,22713.73,16729.06,5984.67,No
2024-11-27,Store_Hyderabad,Express,103,17,16.6,912.31,15509.27,14981.95,11383.79,3598.16,No
2023-02-07,Store_Mumbai,Standard,465,106,23.0,978.13,103681.78,92898.87,58217.46,34681.41,No
2023-08-24,Store_Chennai,Flagship,904,139,15.4,1762.2,244945.8,238332.26,179731.77,58600.49,No
2023-06-27,Store_Pune,Express,349,78,22.4,1948.36,151972.08,147260.95,87405.22,59855.73,Yes
2023-06-03,Store_Delhi,Flagship,1189,303,25.5,708.11,214557.33,191599.7,148771.57,42828.13,No
2024-09-14,Store_Bangalore,Standard,602,193,32.1,2090.27,403422.11,377603.09,246689.82,130913.27,No
2023-04-24,Store_Bangalore,Standard,534,118,22.1,2349.06,277189.08,265269.95,203280.11,61989.84,Yes
2023-08-30,Store_Ahmedabad,Express,306,96,31.6,522.38,50148.48,45033.34,36361.99,8671.35,Yes
2024-03-30,Store_Pune,Standard,362,33,9.2,1202.53,39683.49,37699.32,23086.49,14612.83,Yes
2023-10-20,Store_Hyderabad,Standard,264,51,19.5,505.45,25777.95,24360.16,17304.63,7055.53,No
2023-12-09,Store_Pune,Flagship,791,121,15.3,837.27,101309.67,97763.83,69384.63,28379.2,No
2024-02-14,Store_Kolkata,Express,286,82,28.9,724.43,59403.26,55779.66,33320.15,22459.51,Yes
2024-10-25,Store_Hyderabad,Flagship,1277,134,10.5,359.29,48144.86,42656.35,34545.43,8110.92,Yes
2023-07-04,Store_Hyderabad,Flagship,1428,212,14.9,1596.47,338451.64,317129.19,186366.34,130762.85,No
2023-02-06,Store_Kolkata,Standard,238,56,23.9,1083.83,60694.48,58691.56,44512.45,14179.11,Yes
2024-01-14,Store_Bangalore,Flagship,1162,245,21.1,1888.26,462623.7,448744.99,311011.31,137733.68,Yes
2023-05-18,Store_Ahmedabad,Express,333,42,12.7,1825.98,76691.16,73853.59,50092.0,23761.59,No
2024-07-10,Store_Delhi,Flagship,650,91,14.1,1865.73,169781.43,159594.54,112442.93,47151.61,Yes
2023-09-14,Store_Pune,Express,186,24,13.1,2055.94,49342.56,48207.68,27515.78,20691.9,Yes
2023-11-19,Store_Chennai,Flagship,1089,141,13.0,2285.49,322254.09,294217.98,177893.05,116324.93,No
2023-10-30,Store_Chennai,Express,194,23,12.3,1186.86,27297.78,24840.98,17912.02,6928.96,Yes
2024-04-08,Store_Mumbai,Flagship,769,90,11.8,518.39,46655.1,41709.66,25828.82,15880.84,No
2024-01-20,Store_Chennai,Express,139,13,10.0,412.46,5361.98,5142.14,3317.52,1824.62,No
2023-03-14,Store_Mumbai,Standard,259,51,19.8,1837.53,93714.03,82749.49,58473.16,24276.33,No
2024-07-25,Store_Kolkata,Express,335,50,15.1,1880.96,94048.0,84549.15,56866.52,27682.63,Yes
2023-03-07,Store_Mumbai,Flagship,677,167,24.8,932.61,155745.87,147802.83,105124.31,42678.52,Yes
2024-03-28,Store_Ahmedabad,Express,104,29,28.1,516.92,14990.68,14121.22,10456.62,3664.6,No
2024-05-21,Store_Ahmedabad,Standard,612,173,28.4,1445.76,250116.48,239111.35,172263.62,66847.73,Yes
2023-10-21,Store_Kolkata,Flagship,470,155,33.0,1325.61,205469.55,191292.15,153942.64,37349.51,Yes
2024-12-14,Store_Mumbai,Flagship,985,247,25.1,2204.27,544454.69,523220.96,395621.69,127599.27,No
2024-08-23,Store_Mumbai,Flagship,526,87,16.7,787.91,68548.17,62790.12,39167.33,23622.79,No
2023-10-21,Store_Bangalore,Flagship,1251,332,26.6,2496.38,828798.16,753377.53,473191.26,280186.27,Yes
2024-03-04,Store_Kolkata,Express,125,19,15.3,1481.73,28152.87,26885.99,21039.72,5846.27,Yes
2023-10-08,Store_Delhi,Flagship,1178,358,30.4,889.25,318351.5,299568.76,231659.55,67909.21,No
2024-05-10,Store_Chennai,Express,179,35,20.1,1425.22,49882.7,45742.44,32019.18,13723.26,Yes
2023-07-14,Store_Pune,Express,133,28,21.6,1669.35,46741.8,43002.46,26367.72,16634.74,No
2024-03-21,Store_Bangalore,Express,100,27,27.6,1927.29,52036.83,47977.96,29477.29,18500.67,No
2023-04-01,Store_Kolkata,Standard,255,20,8.1,2219.13,44382.6,43095.5,26555.87,16539.63,Yes
2023-04-28,Store_Bangalore,Express,167,27,16.4,2126.35,57411.45,52359.24,33757.44,18601.8,No
2023-04-25,Store_Pune,Flagship,1404,195,13.9,1219.71,237843.45,221194.41,151887.14,69307.27,No
2024-05-06,Store_Pune,Flagship,762,70,9.2,1048.94,73425.8,65275.54,54235.57,11039.97,Yes
2023-08-02,Store_Kolkata,Express,223,27,12.4,1097.23,29625.21,28499.45,19362.4,9137.05,No
2023-11-11,Store_Mumbai,Flagship,1030,178,17.3,625.87,111404.86,108619.74,73169.26,35450.48,No
2024-07-25,Store_Hyderabad,Standard,289,48,16.9,2403.79,115381.92,105112.93,80229.76,24883.17,No
2023-02-03,Store_Pune,Standard,303,37,12.3,727.41,26914.17,26133.66,16907.52,9226.14,No
2024-07-11,Store_Kolkata,Standard,507,154,30.5,1161.26,178834.04,173290.18,105647.27,67642.91,No
2023-05-18,Store_Delhi,Standard,554,181,32.8,1140.61,206450.41,195921.44,123329.06,72592.38,Yes
2024-09-10,Store_Hyderabad,Standard,412,47,11.5,1784.03,83849.41,73955.18,48291.33,25663.85,No
2024-11-08,Store_Mumbai,Express,232,35,15.1,880.93,30832.55,28612.61,17749.3,10863.31,No
2024-03-20,Store_Kolkata,Flagship,1271,219,17.3,2276.93,498647.67,477205.82,339203.06,138002.76,No
2023-11-05,Store_Chennai,Express,357,40,11.4,2094.11,83764.4,81502.76,52018.54,29484.22,Yes
2024-10-20,Store_Pune,Express,239,21,9.1,382.3,8028.3,7691.11,5595.66,2095.45,Yes
2024-04-06,Store_Chennai,Express,236,48,20.4,1716.31,82382.88,80735.22,57308.86,23426.36,No
2023-08-14,Store_Bangalore,Express,212,67,32.0,2436.16,163222.72,144941.78,107704.63,37237.15,No
2024-09-15,Store_Mumbai,Express,312,50,16.1,1694.18,84709.0,77169.9,56239.64,20930.26,No
2024-05-25,Store_Bangalore,Standard,498,133,26.8,671.71,89337.43,79331.64,63205.8,16125.84,No
2024-01-17,Store_Chennai,Express,207,54,26.3,731.74,39513.96,37735.83,28377.62,9358.21,No
2024-12-25,Store_Kolkata,Express,357,121,33.9,1002.14,121258.94,118833.76,70861.52,47972.24,Yes
2024-12-20,Store_Hyderabad,Flagship,579,151,26.2,2402.73,362812.23,325079.76,211114.73,113965.03,Yes
2023-11-03,Store_Hyderabad,Standard,404,75,18.8,2251.08,168831.0,159207.63,98459.42,60748.21,Yes
2024-07-14,Store_Ahmedabad,Standard,344,105,30.7,1704.15,178935.75,162294.73,104761.29,57533.44,No
2023-05-25,Store_Mumbai,Express,203,52,26.0,679.7,35344.4,31244.45,20938.0,10306.45,Yes
2024-12-05,Store_Kolkata,Standard,602,134,22.4,1056.27,141540.18,135595.49,79669.55,55925.94,Yes
2024-10-05,Store_Chennai,Standard,281,41,14.6,1226.27,50277.07,44495.21,31082.57,13412.64,Yes
2023-03-02,Store_Mumbai,Flagship,1055,193,18.3,1917.53,370083.29,353059.46,228654.91,124404.55,Yes
2023-07-06,Store_Kolkata,Express,326,64,19.7,945.57,60516.48,53496.57,40824.12,12672.45,Yes
2024-05-07,Store_Pune,Express,318,107,33.8,2481.59,265530.13,248005.14,170185.58,77819.56,No
2024-05-13,Store_Hyderabad,Express,216,44,20.5,560.97,24682.68,24114.98,18118.52,5996.46,No
2024-04-10,Store_Chennai,Flagship,759,62,8.3,1287.34,79815.08,70636.35,57121.31,13515.04,No
2023-07-20,Store_Bangalore,Flagship,1370,312,22.8,2395.93,747530.16,663059.25,559304.64,103754.61,Yes
2023-04-26,Store_Bangalore,Express,293,33,11.6,824.5,27208.5,24569.28,15074.73,9494.55,No
2023-03-03,Store_Mumbai,Flagship,440,61,13.9,1647.19,100478.59,96358.97,65654.04,30704.93,Yes
2023-07-08,Store_Ahmedabad,Standard,447,135,30.4,1095.56,147900.6,131631.53,88559.57,43071.96,Yes
2024-10-23,Store_Ahmedabad,Flagship,574,194,33.8,2117.35,410765.9,363938.59,243460.87,120477.72,No
2023-10-17,Store_Pune,Standard,296,77,26.3,1068.7,82289.9,78175.4,55867.85,22307.55,No
2024-05-21,Store_Mumbai,Standard,214,48,22.5,543.89,26106.72,25297.41,19238.09,6059.32,No
2024-12-29,Store_Pune,Express,337,90,27.0,726.06,65345.4,61686.06,43645.29,18040.77,No
2023-10-04,Store_Pune,Express,332,110,33.2,920.41,101245.1,97499.03,72448.44,25050.59,No
2023-11-13,Store_Delhi,Flagship,1094,108,9.9,525.36,56738.88,54469.32,35110.75,19358.57,No
2023-08-15,Store_Chennai,Flagship,1271,291,22.9,2076.45,604246.95,567992.13,434097.45,133894.68,Yes
2023-12-16,Store_Pune,Flagship,792,169,21.4,2055.63,347401.47,334547.62,240412.55,94135.07,No
2023-01-24,Store_Mumbai,Flagship,434,150,34.7,1359.02,203853.0,198552.82,123845.12,74707.7,No
2024-08-15,Store_Hyderabad,Flagship,727,105,14.5,884.02,92822.1,86974.31,53150.0,33824.31,No
2023-03-27,Store_Bangalore,Flagship,1062,281,26.5,1030.95,289696.95,272894.53,167429.36,105465.17,No
2023-08-27,Store_Chennai,Standard,623,125,20.2,1245.11,155638.75,139141.04,91720.7,47420.34,Yes
2023-10-16,Store_Mumbai,Express,156,26,17.2,1354.21,35209.46,31899.77,20072.55,11827.22,No
2023-02-09,Store_Bangalore,Flagship,1428,218,15.3,2174.06,473945.08,463992.23,268923.88,195068.35,Yes
2023-09-12,Store_Delhi,Flagship,477,48,10.1,1905.01,91440.48,81199.15,64871.35,16327.8,No
2024-01-19,Store_Bangalore,Standard,400,37,9.3,736.35,27244.95,26155.15,17508.26,8646.89,Yes
2023-12-29,Store_Bangalore,Express,180,54,30.2,1637.34,88416.36,80989.39,60506.29,20483.1,Yes
2024-06-11,Store_Pune,Express,269,65,24.5,588.04,38222.6,34171.0,24205.02,9965.98,Yes
2023-05-07,Store_Mumbai,Flagship,899,100,11.2,1968.95,196895.0,189019.2,115036.01,73983.19,No
2023-03-21,Store_Hyderabad,Flagship,1214,165,13.6,1462.75,241353.75,214080.78,133615.73,80465.05,No
2024-03-27,Store_Ahmedabad,Express,170,40,23.6,895.69,35827.6,33534.63,23715.21,9819.42,No
2024-04-20,Store_Pune,Standard,590,173,29.4,1656.96,286654.08,277767.8,165408.11,112359.69,No
2023-03-13,Store_Bangalore,Express,161,50,31.6,619.52,30976.0,28528.9,21747.99,6780.91,No
2023-01-17,Store_Hyderabad,Standard,296,52,17.8,2296.36,119410.72,116425.45,80012.71,36412.74,No
2023-09-16,Store_Pune,Flagship,1387,346,25.0,1387.03,479912.38,442959.13,308407.71,134551.42,Yes
2023-12-18,Store_Pune,Express,163,42,26.0,947.81,39808.02,36583.57,26616.18,9967.39,No
2024-05-09,Store_Bangalore,Standard,344,51,14.9,2379.74,121366.74,108016.4,71971.62,36044.78,No
2023-11-08,Store_Mumbai,Express,219,18,8.5,1133.8,20408.4,18428.79,12771.11,5657.68,Yes
2024-09-28,Store_Hyderabad,Express,123,22,18.5,1453.2,31970.4,29508.68,18745.45,10763.23,No
2023-07-19,Store_Bangalore,Flagship,1225,132,10.8,574.95,75893.4,67696.91,46370.81,21326.1,No
2024-02-13,Store_Ahmedabad,Flagship,1036,210,20.3,2201.12,462235.2,425256.38,276809.93,148446.45,No
2023-04-16,Store_Mumbai,Express,347,101,29.3,1955.16,197471.16,179501.28,144017.87,35483.41,Yes
2023-08-23,Store_Ahmedabad,Flagship,721,131,18.3,1788.52,234296.12,209929.32,171706.69,38222.63,No
2023-02-28,Store_Bangalore,Flagship,1013,104,10.3,745.89,77572.56,72607.92,52338.95,20268.97,Yes
2024-08-05,Store_Kolkata,Standard,621,63,10.3,497.28,31328.64,29668.22,20289.75,9378.47,Yes
2024-05-31,Store_Delhi,Flagship,815,177,21.8,1367.39,242028.03,216373.06,171528.43,44844.63,No
2024-08-23,Store_Kolkata,Express,257,71,27.8,1314.48,93328.08,84555.24,53976.16,30579.08,No
2024-05-08,Store_Hyderabad,Standard,561,98,17.5,1684.82,165112.36,160984.55,107018.06,53966.49,No
2024-06-30,Store_Mumbai,Standard,552,107,19.5,472.81,50590.67,48465.86,28769.38,19696.48,No
2024-10-03,Store_Kolkata,Standard,209,29,14.1,883.56,25623.24,23445.26,14971.16,8474.1,No
2023-08-18,Store_Pune,Standard,538,174,32.5,1765.51,307198.74,279550.85,204893.59,74657.26,No
2024-10-10,Store_Ahmedabad,Flagship,1184,226,19.1,1218.28,275331.28,247522.82,192537.43,54985.39,Yes
2023-11-19,Store_Pune,Flagship,680,76,11.3,1366.03,103818.28,96966.27,70061.57,26904.7,No
2024-11-23,Store_Bangalore,Flagship,476,165,34.7,1602.3,264379.5,258034.39,193381.38,64653.01,No
2023-11-22,Store_Hyderabad,Standard,218,64,29.8,447.42,28634.88,27518.12,20680.0,6838.12,No
2024-01-21,Store_Pune,Flagship,600,91,15.3,1380.68,125641.88,115841.81,87455.0,28386.81,Yes
2023-07-26,Store_Delhi,Standard,475,65,13.8,1888.48,122751.2,114404.12,70392.33,44011.79,No
2023-04-23,Store_Ahmedabad,Express,256,71,27.9,1690.94,120056.74,115854.75,84071.3,31783.45,Yes
2024-02-06,Store_Chennai,Flagship,664,217,32.8,643.27,139589.59,134843.54,83960.96,50882.58,No
2024-04-25,Store_Chennai,Standard,430,134,31.2,1017.62,136361.08,126543.08,99617.36,26925.72,No
2023-02-23,Store_Pune,Flagship,1071,123,11.5,373.67,45961.41,41411.23,26498.96,14912.27,No
2023-01-09,Store_Pune,Express,213,65,30.8,2029.04,131887.6,119753.94,94816.26,24937.68,Yes
2023-03-10,Store_Pune,Express,284,70,24.7,653.66,45756.2,44337.76,25517.5,18820.26,No
2024-02-15,Store_Mumbai,Standard,557,88,15.8,903.94,79546.72,72148.88,47644.95,24503.93,Yes
2023-10-21,Store_Delhi,Express,121,37,31.4,1471.27,54436.99,51715.14,31010.35,20704.79,No
2023-08-17,Store_Bangalore,Express,135,46,34.1,1826.9,84037.4,79583.42,54781.43,24801.99,No
2023-03-15,Store_Chennai,Express,298,79,26.7,1089.09,86038.11,78208.64,57399.08,20809.56,No
2024-10-06,Store_Delhi,Express,103,25,24.4,494.79,12369.75,11837.85,8068.9,3768.95,No
2023-08-11,Store_Kolkata,Express,215,28,13.3,1648.77,46165.56,43811.12,32669.75,11141.37,Yes
2023-01-01,Store_Mumbai,Standard,404,128,31.9,995.14,127377.92,115659.15,93018.81,22640.34,No
2023-02-22,Store_Delhi,Standard,614,143,23.4,1591.29,227554.47,218452.29,135507.08,82945.21,No
2023-06-26,Store_Chennai,Flagship,1007,277,27.6,356.84,98844.68,96571.25,62885.31,33685.94,No
2024-12-28,Store_Pune,Flagship,957,277,29.0,883.0,244591.0,219153.54,147923.86,71229.68,No
2023-08-28,Store_Delhi,Standard,693,55,8.0,526.38,28950.9,26605.88,19431.14,7174.74,No
2024-02-12,Store_Bangalore,Flagship,962,328,34.1,2116.5,694212.0,631038.71,416501.64,214537.07,No
2024-08-17,Store_Kolkata,Flagship,666,89,13.5,1013.11,90166.79,84215.78,64163.9,20051.88,No
2024-05-17,Store_Chennai,Express,226,57,25.3,649.09,36998.13,35444.21,25751.77,9692.44,No
2024-03-04,Store_Hyderabad,Standard,471,75,16.1,1005.5,75412.5,72396.0,44104.73,28291.27,Yes
2023-11-01,Store_Mumbai,Standard,697,182,26.2,766.15,139439.3,130375.75,100168.94,30206.81,Yes
2024-02-15,Store_Bangalore,Standard,250,51,20.5,1340.51,68366.01,66656.86,45288.67,21368.19,No
2024-07-10,Store_Chennai,Flagship,511,84,16.5,1473.28,123755.52,113978.83,74041.29,39937.54,No
2024-12-20,Store_Pune,Express,314,35,11.2,609.54,21333.9,20544.55,15529.35,5015.2,No
2023-07-16,Store_Mumbai,Flagship,976,305,31.3,1441.78,439742.9,399726.3,272186.96,127539.34,No
2023-07-09,Store_Mumbai,Standard,376,41,11.1,767.47,31466.27,29704.16,19155.5,10548.66,No
2023-07-13,Store_Pune,Standard,399,127,31.9,535.93,68063.11,63979.32,38719.49,25259.83,No
2023-01-02,Store_Ahmedabad,Express,328,100,30.5,648.25,64825.0,58148.03,41271.41,16876.62,No
2023-03-09,Store_Kolkata,Flagship,899,164,18.3,1319.32,216368.48,195597.11,157891.21,37705.9,Yes
2024-08-24,Store_Ahmedabad,Standard,261,29,11.3,1769.86,51325.94,49529.53,37004.56,12524.97,No
2023-06-23,Store_Ahmedabad,Express,200,16,8.4,2332.99,37327.84,36431.97,27865.1,8566.87,No
2023-01-07,Store_Mumbai,Standard,395,64,16.4,1053.25,67408.0,63498.34,44322.36,19175.98,Yes
2024-03-26,Store_Delhi,Standard,435,133,30.6,1790.84,238181.72,214601.73,131037.64,83564.09,No
2023-02-08,Store_Delhi,Flagship,810,72,8.9,1584.12,114056.64,108125.69,78513.9,29611.79,Yes
2024-10-18,Store_Pune,Express,232,35,15.5,1612.7,56444.5,52380.5,39064.46,13316.04,Yes
2023-12-10,Store_Bangalore,Standard,530,140,26.6,365.74,51203.6,47772.96,35098.97,12673.99,Yes
2024-04-12,Store_Delhi,Flagship,456,69,15.3,711.8,49114.2,47739.0,34631.05,13107.95,No
2024-02-06,Store_Chennai,Express,190,31,16.8,712.84,22098.04,21103.63,15227.51,5876.12,Yes
2023-02-28,Store_Delhi,Express,261,65,25.2,1621.98,105428.7,93515.26,61218.3,32296.96,No
2023-10-20,Store_Bangalore,Standard,236,27,11.7,1762.26,47581.02,43251.15,35183.93,8067.22,No
2024-07-16,Store_Chennai,Standard,452,124,27.5,2375.94,294616.56,284894.21,171141.23,113752.98,No
2024-12-24,Store_Pune,Flagship,809,212,26.3,720.23,152688.76,143832.81,95856.43,47976.38,Yes
2023-05-17,Store_Hyderabad,Standard,474,104,22.0,1826.55,189961.2,181602.91,119743.3,61859.61,Yes
2023-04-22,Store_Hyderabad,Flagship,1174,308,26.3,1641.66,505631.28,465180.78,326558.64,138622.14,No
2024-03-05,Store_Mumbai,Express,307,90,29.4,797.82,71803.8,64408.01,41130.41,23277.6,Yes
2023-02-05,Store_Pune,Flagship,729,209,28.7,793.56,165854.04,155736.94,106362.72,49374.22,Yes
2024-10-26,Store_Bangalore,Standard,249,84,34.0,2343.12,196822.08,183241.36,117847.4,65393.96,No
2024-01-09,Store_Kolkata,Flagship,1116,362,32.5,2150.41,778448.42,752759.62,431668.62,321091.0,No
2024-05-16,Store_Hyderabad,Flagship,1007,261,26.0,2348.31,612908.91,554069.65,404538.15,149531.5,No
2023-09-02,Store_Kolkata,Flagship,1170,119,10.2,2173.9,258694.1,239809.43,149749.76,90059.67,Yes
2024-07-03,Store_Ahmedabad,Flagship,1278,173,13.6,1149.79,198913.67,185984.28,112865.79,73118.49,Yes
2023-12-03,Store_Pune,Flagship,1175,236,20.1,849.0,200364.0,182531.6,144564.02,37967.58,No
2024-03-05,Store_Kolkata,Flagship,686,154,22.5,635.31,97837.74,95196.12,66916.29,28279.83,Yes
2023-11-28,Store_Pune,Express,351,89,25.4,2205.43,196283.27,174495.83,121446.85,53048.98,Yes
2024-06-13,Store_Chennai,Flagship,412,62,15.2,1639.58,101653.96,92911.72,59254.03,33657.69,No
2024-04-26,Store_Chennai,Standard,563,145,25.9,971.44,140858.8,137055.61,100273.95,36781.66,Yes
2024-03-30,Store_Ahmedabad,Express,340,102,30.0,1611.15,164337.3,146260.2,100770.25,45489.95,No
2024-01-30,Store_Kolkata,Flagship,714,221,31.0,1153.92,255016.32,248895.93,162157.42,86738.51,Yes
2023-09-29,Store_Kolkata,Standard,207,61,29.7,2288.07,139572.27,128127.34,87930.94,40196.4,Yes
2023-07-23,Store_Kolkata,Express,225,37,16.5,1827.45,67615.65,60110.31,43105.81,17004.5,Yes
2024-07-05,Store_Pune,Standard,444,122,27.5,669.25,81648.5,72503.87,57100.09,15403.78,No
2023-09-03,Store_Kolkata,Flagship,1230,123,10.0,917.95,112907.85,110198.06,68026.13,42171.93,Yes
2023-10-02,Store_Hyderabad,Standard,261,61,23.7,2159.19,131710.59,125125.06,82853.08,42271.98,Yes
2023-05-15,Store_Mumbai,Standard,455,50,11.0,465.77,23288.5,22799.44,13662.66,9136.78,No
2023-10-15,Store_Delhi,Flagship,500,82,16.5,2127.93,174490.26,153725.92,127026.88,26699.04,Yes
2023-10-30,Store_Bangalore,Express,253,38,15.1,2133.66,81079.08,71836.06,45097.76,26738.3,No
2023-02-22,Store_Bangalore,Flagship,775,206,26.6,1789.56,368649.36,357958.53,204895.89,153062.64,Yes
2023-12-17,Store_Kolkata,Flagship,899,144,16.1,2120.21,305310.24,285159.76,217875.81,67283.95,No
2023-08-31,Store_Chennai,Standard,297,67,22.7,372.93,24986.31,23187.3,18686.58,4500.72,No
2024-10-12,Store_Ahmedabad,Express,222,57,25.9,406.73,23183.61,20842.07,13309.88,7532.19,No
2024-07-25,Store_Chennai,Flagship,759,149,19.7,1883.99,280714.51,269766.64,154602.54,115164.1,No
2023-04-03,Store_Pune,Flagship,1158,209,18.1,1504.53,314446.77,284574.33,214137.36,70436.97,No
2024-11-12,Store_Mumbai,Flagship,630,161,25.6,1624.08,261476.88,238466.91,156094.39,82372.52,No
2024-09-08,Store_Delhi,Express,150,46,31.3,1373.48,63180.08,58694.29,38962.16,19732.13,No
2023-09-23,Store_Kolkata,Standard,484,127,26.3,898.81,114148.87,109468.77,82766.78,26701.99,No
2024-09-16,Store_Kolkata,Flagship,909,171,18.9,2429.1,415376.1,406653.2,238953.47,167699.73,Yes
2024-03-01,Store_Chennai,Express,226,70,31.2,1139.39,79757.3,74971.86,50834.01,24137.85,No
2024-12-30,Store_Pune,Flagship,602,71,11.9,2130.33,151253.43,133859.29,99407.24,34452.05,No
2024-04-23,Store_Bangalore,Standard,651,193,29.7,1548.01,298765.93,283827.63,200366.02,83461.61,No
2024-09-06,Store_Kolkata,Express,306,70,22.9,1290.66,90346.2,83389.54,67719.78,15669.76,Yes
2024-08-01,Store_Bangalore,Standard,236,54,22.9,660.67,35676.18,31680.45,26285.09,5395.36,Yes
2023-01-24,Store_Chennai,Express,137,20,14.6,1592.76,31855.2,28382.98,23113.91,5269.07,No
2023-11-24,Store_Ahmedabad,Express,330,42,13.0,617.8,25947.6,24364.8,18383.95,5980.85,No
2023-11-21,Store_Hyderabad,Flagship,401,67,16.9,480.74,32209.58,30566.89,17835.53,12731.36,Yes
2024-06-23,Store_Ahmedabad,Express,196,63,32.3,1421.79,89572.77,86169.0,52525.22,33643.78,No
2024-02-17,Store_Delhi,Flagship,1110,115,10.4,515.39,59269.85,55298.77,41636.81,13661.96,No
2023-10-17,Store_Kolkata,Standard,389,75,19.5,568.76,42657.0,39841.64,27983.73,11857.91,Yes
2023-08-13,Store_Chennai,Standard,354,119,33.7,2439.29,290275.51,263570.16,169613.61,93956.55,Yes
2024-06-24,Store_Ahmedabad,Standard,673,60,9.0,926.07,55564.2,53841.71,38950.57,14891.14,No
2024-11-19,Store_Bangalore,Standard,609,204,33.6,1336.98,272743.92,248469.71,179815.71,68654.0,No
2024-10-11,Store_Mumbai,Express,153,16,10.5,654.29,10468.64,10133.64,7002.4,3131.24,Yes
2023-09-28,Store_Hyderabad,Express,261,24,9.4,1549.33,37183.92,35213.17,27636.63,7576.54,No
2024-05-24,Store_Bangalore,Express,146,42,29.4,1569.09,65901.78,59575.21,37398.46,22176.75,No
2024-05-14,Store_Delhi,Express,139,29,21.3,1920.67,55699.43,51521.97,33903.17,17618.8,Yes
2024-09-26,Store_Kolkata,Flagship,913,121,13.3,1931.9,233759.9,215994.15,130773.62,85220.53,Yes
2023-01-23,Store_Delhi,Standard,639,122,19.1,1657.49,202213.78,185025.61,113968.26,71057.35,Yes
2023-04-18,Store_Delhi,Standard,510,125,24.6,953.84,119230.0,106233.93,84042.27,22191.66,No
2024-02-04,Store_Hyderabad,Express,259,51,20.0,2196.57,112025.07,109112.42,81782.76,27329.66,No
2024-12-03,Store_Kolkata,Express,318,33,10.4,1357.81,44807.73,41312.73,29526.1,11786.63,Yes
2023-07-28,Store_Mumbai,Express,285,70,24.6,2455.52,171886.4,164667.17,108920.76,55746.41,Yes
2024-07-31,Store_Pune,Standard,380,42,11.1,1766.24,74182.08,67060.6,42952.92,24107.68,Yes
2024-01-10,Store_Delhi,Express,251,63,25.1,1858.18,117065.34,105944.13,84492.77,21451.36,No
2024-06-25,Store_Chennai,Standard,547,49,9.1,1207.9,59187.1,56878.8,33403.13,23475.67,No
2023-05-25,Store_Bangalore,Flagship,826,206,25.0,520.3,107181.8,100750.89,73990.76,26760.13,Yes
2024-11-12,Store_Chennai,Express,288,86,29.9,1848.97,159011.42,144700.39,99710.32,44990.07,No
2023-07-12,Store_Pune,Flagship,522,175,33.7,1801.23,315215.25,281802.43,225012.16,56790.27,No
2024-12-29,Store_Bangalore,Standard,283,70,24.8,645.07,45154.9,42264.99,33807.56,8457.43,No
2023-02-21,Store_Chennai,Standard,618,56,9.1,1064.84,59631.04,57126.54,35814.37,21312.17,Yes
2023-08-13,Store_Delhi,Express,219,75,34.7,1286.9,96517.5,94201.08,69687.2,24513.88,No
2024-08-15,Store_Mumbai,Standard,681,68,10.0,2446.07,166332.76,149699.48,110570.95,39128.53,No
2024-11-03,Store_Mumbai,Express,278,35,12.7,846.15,29615.25,28756.41,16329.38,12427.03,No
2024-10-10,Store_Bangalore,Flagship,1405,456,32.5,2285.4,1042142.4,977529.57,638981.96,338547.61,No
2023-07-26,Store_Ahmedabad,Flagship,465,153,33.1,2081.71,318501.63,290154.98,218693.22,71461.76,No
2023-06-28,Store_Pune,Express,157,15,9.8,1478.43,22176.45,20380.16,12980.7,7399.46,No
2024-07-26,Store_Chennai,Standard,263,91,34.8,856.33,77926.03,70990.61,53341.71,17648.9,No
2024-11-07,Store_Mumbai,Flagship,477,134,28.2,1649.22,220995.48,210608.69,141496.63,69112.06,No
2023-03-08,Store_Hyderabad,Express,173,14,8.5,1715.57,24017.98,22288.69,16903.57,5385.12,No
2023-06-02,Store_Ahmedabad,Flagship,858,138,16.2,1605.07,221499.66,213082.67,155221.58,57861.09,Yes
2023-09-28,Store_Kolkata,Express,184,22,12.3,1171.1,25764.2,25068.57,14852.77,10215.8,No
2023-07-12,Store_Delhi,Standard,429,79,18.5,810.3,64013.7,58508.52,41177.3,17331.22,Yes
2023-08-19,Store_Chennai,Express,194,46,24.0,2486.66,114386.36,107065.63,75224.1,31841.53,Yes
2023-02-28,Store_Chennai,Standard,607,67,11.1,2255.36,151109.12,147180.28,102385.46,44794.82,No
2024-05-31,Store_Kolkata,Flagship,1365,307,22.5,2203.06,676339.42,614792.53,385491.4,229301.13,Yes
2024-06-11,Store_Hyderabad,Standard,248,79,31.9,1024.65,80947.35,73823.98,56211.52,17612.46,No
2024-10-10,Store_Ahmedabad,Standard,639,176,27.6,2138.24,376330.24,357890.06,212033.95,145856.11,No
2023-01-20,Store_Chennai,Flagship,1321,367,27.8,1671.9,613587.3,554069.33,383359.25,170710.08,Yes
2023-02-01,Store_Kolkata,Flagship,1337,129,9.7,1657.72,213845.88,200159.74,157909.53,42250.21,No
2024-01-16,Store_Hyderabad,Express,358,91,25.6,2373.81,216016.71,190310.72,156521.21,33789.51,Yes
2024-02-19,Store_Hyderabad,Express,155,44,28.8,2064.71,90847.24,86123.18,55808.63,30314.55,Yes
2023-01-21,Store_Hyderabad,Flagship,1360,403,29.7,1539.98,620611.94,597649.3,445297.63,152351.67,Yes
2023-07-27,Store_Pune,Express,257,53,20.9,2048.88,108590.64,96862.85,59790.6,37072.25,No
2023-07-22,Store_Ahmedabad,Standard,258,89,34.6,1496.92,133225.88,130028.46,86466.63,43561.83,No
2023-08-28,Store_Kolkata,Standard,221,51,23.5,612.65,31245.15,29839.12,22674.32,7164.8,Yes
2023-06-11,Store_Pune,Flagship,1278,235,18.4,1497.48,351907.8,322699.45,215327.89,107371.56,Yes
2024-05-07,Store_Pune,Standard,210,72,34.3,1416.97,102021.84,95900.53,70260.48,25640.05,No
2023-06-25,Store_Delhi,Express,200,47,23.9,440.66,20711.02,19489.07,13101.72,6387.35,No
2024-03-18,Store_Hyderabad,Express,178,35,20.2,844.14,29544.9,27860.84,16361.33,11499.51,Yes
2023-08-16,Store_Mumbai,Express,203,65,32.5,1398.91,90929.15,85655.26,55073.29,30581.97,Yes
2024-06-01,Store_Ahmedabad,Standard,322,86,27.0,2312.54,198878.44,194900.87,148718.99,46181.88,No
2023-05-10,Store_Bangalore,Express,232,76,32.8,783.86,59573.36,53377.73,41925.86,11451.87,No
2023-11-04,Store_Hyderabad,Standard,499,156,31.4,2302.33,359163.48,327916.26,238324.61,89591.65,No
2023-07-27,Store_Ahmedabad,Standard,306,44,14.5,1262.09,55531.96,53921.53,41241.87,12679.66,Yes
2024-11-30,Store_Delhi,Express,357,112,31.4,2477.59,277490.08,267500.44,194285.84,73214.6,No
2023-10-05,Store_Hyderabad,Flagship,1143,195,17.1,1901.67,370825.65,343013.73,217823.68,125190.05,No
2023-06-15,Store_Kolkata,Express,294,72,24.7,2339.95,168476.4,155672.19,111112.79,44559.4,No
2023-04-30,Store_Chennai,Express,346,83,24.1,1468.44,121880.52,116517.78,74083.5,42434.28,No
2023-01-20,Store_Ahmedabad,Standard,642,60,9.4,797.45,47847.0,43301.54,26752.22,16549.32,No
2023-06-28,Store_Ahmedabad,Express,263,60,22.9,2026.09,121565.4,113055.82,88762.95,24292.87,No
2023-10-24,Store_Chennai,Flagship,524,56,10.8,855.79,47924.24,46965.76,32148.99,14816.77,No
2023-06-04,Store_Pune,Express,131,32,24.6,637.4,20396.8,18418.31,15139.21,3279.1,No
2023-05-29,Store_Bangalore,Express,174,58,33.4,935.95,54285.1,52710.83,36856.96,15853.87,No
2023-01-10,Store_Bangalore,Standard,563,169,30.1,390.08,65923.52,64539.13,42424.88,22114.25,Yes
2023-10-15,Store_Hyderabad,Flagship,862,74,8.6,2155.12,159478.88,150229.1,93147.93,57081.17,Yes
2024-12-09,Store_Mumbai,Flagship,1262,200,15.9,1061.62,212324.0,206166.6,153431.83,52734.77,Yes
2023-10-08,Store_Bangalore,Flagship,1047,264,25.3,1439.63,380062.32,359538.95,222109.73,137429.22,Yes
2024-12-05,Store_Ahmedabad,Standard,335,77,23.2,800.29,61622.33,58233.1,45761.77,12471.33,Yes
2024-08-17,Store_Kolkata,Standard,495,135,27.3,1190.93,160775.55,144215.67,111602.12,32613.55,No
2023-03-06,Store_Pune,Standard,506,46,9.2,1249.04,57455.84,53376.48,38363.1,15013.38,No
2023-06-26,Store_Mumbai,Standard,216,60,27.9,2126.59,127595.4,114708.26,81364.12,33344.14,No
2024-06-06,Store_Pune,Standard,619,206,33.3,1928.63,397297.78,360349.09,296180.9,64168.19,No
2024-06-23,Store_Pune,Standard,416,50,12.1,2139.31,106965.5,103649.57,71777.56,31872.01,Yes
2024-03-25,Store_Ahmedabad,Flagship,717,194,27.1,1150.53,223202.82,217622.75,132988.95,84633.8,Yes
2023-08-20,Store_Mumbai,Express,352,104,29.6,2270.64,236146.56,210878.88,150653.49,60225.39,No
2023-08-08,Store_Hyderabad,Express,206,30,15.0,1360.97,40829.1,36746.19,24243.97,12502.22,No
2024-02-18,Store_Chennai,Express,228,70,30.8,695.13,48659.1,45398.94,36243.58,9155.36,Yes
2023-09-24,Store_Chennai,Express,177,37,21.0,2175.76,80503.12,74545.89,55841.72,18704.17,Yes
2024-02-25,Store_Mumbai,Flagship,526,132,25.2,1280.34,169004.88,156836.53,116613.88,40222.65,No
2023-12-12,Store_Hyderabad,Standard,211,69,33.0,2174.12,150014.28,140263.35,108849.89,31413.46,No
2023-01-31,Store_Bangalore,Express,355,83,23.4,2034.28,168845.24,159896.44,122952.59,36943.85,Yes
2023-08-09,Store_Kolkata,Standard,311,102,33.0,1573.04,160450.08,143763.27,90133.04,53630.23,No
2023-09-08,Store_Delhi,Flagship,542,97,17.9,897.28,87036.16,80943.63,52543.61,28400.02,Yes
2024-03-08,Store_Delhi,Flagship,466,68,14.6,1790.92,121782.56,115571.65,79372.01,36199.64,Yes
2023-05-08,Store_Hyderabad,Flagship,895,181,20.3,1927.77,348926.37,338109.65,195961.04,142148.61,Yes
2023-09-25,Store_Pune,Express,120,30,25.4,2413.74,72412.2,66619.22,52880.03,13739.19,No
2023-11-27,Store_Kolkata,Flagship,777,235,30.3,1361.66,319990.1,300470.7,194369.65,106101.05,No
2023-09-24,Store_Delhi,Flagship,1049,245,23.4,1495.47,366390.15,348803.42,238118.82,110684.6,Yes
2023-04-19,Store_Ahmedabad,Express,355,95,27.0,1313.9,124820.5,120202.14,87383.68,32818.46,No
2024-01-06,Store_Delhi,Flagship,933,243,26.1,916.95,222818.85,202542.33,151712.69,50829.64,No
2024-05-10,Store_Pune,Express,116,31,27.2,1897.88,58834.28,52009.5,43785.35,8224.15,No
2023-07-11,Store_Ahmedabad,Express,336,45,13.4,650.57,29275.65,27255.63,19590.0,7665.63,No
2023-07-13,Store_Ahmedabad,Standard,547,150,27.5,1468.21,220231.5,210981.78,161753.43,49228.35,No
2024-09-22,Store_Delhi,Express,245,35,14.3,1207.89,42276.15,37372.12,29322.21,8049.91,Yes
2023-02-27,Store_Pune,Flagship,725,201,27.8,933.04,187541.04,167661.69,126306.19,41355.5,No
2023-10-07,Store_Kolkata,Standard,575,78,13.7,1291.97,100773.66,96138.07,67499.19,28638.88,Yes
2023-07-12,Store_Delhi,Express,200,33,16.6,1050.98,34682.34,31491.56,21669.48,9822.08,No
2023-09-17,Store_Ahmedabad,Flagship,765,105,13.8,2036.13,213793.65,203959.14,144113.6,59845.54,No
2024-08-02,Store_Ahmedabad,Flagship,1200,346,28.9,1466.98,507575.08,461893.32,311281.74,150611.58,No
2024-01-14,Store_Ahmedabad,Express,157,25,16.4,1260.62,31515.5,28805.17,19167.18,9637.99,Yes
2023-09-23,Store_Ahmedabad,Flagship,845,175,20.8,1115.99,195298.25,182799.16,123975.0,58824.16,No
2023-07-04,Store_Ahmedabad,Flagship,1001,132,13.2,1359.49,179452.68,160969.05,117148.65,43820.4,No
2023-02-22,Store_Kolkata,Express,135,13,9.9,913.68,11877.84,11188.93,6856.44,4332.49,No
2023-06-21,Store_Mumbai,Express,344,72,21.0,1827.68,131592.96,127513.58,93226.2,34287.38,No
2024-06-17,Store_Ahmedabad,Standard,346,111,32.3,2414.26,267982.86,245740.28,196832.37,48907.91,No
2024-04-11,Store_Delhi,Standard,564,150,26.6,1180.76,177114.0,168966.76,116194.58,52772.18,No
2024-09-25,Store_Kolkata,Flagship,875,284,32.5,1166.15,331186.6,323569.31,182567.59,141001.72,No
2023-08-27,Store_Bangalore,Express,305,99,32.5,1266.85,125418.15,111747.57,83099.32,28648.25,Yes
2024-05-05,Store_Hyderabad,Express,331,37,11.2,1484.48,54925.76,52728.73,38932.98,13795.75,No
2023-10-27,Store_Hyderabad,Flagship,1231,157,12.8,2118.95,332675.15,321031.52,227418.88,93612.64,Yes
2023-06-25,Store_Pune,Standard,611,169,27.7,1002.09,169353.21,161393.61,110753.66,50639.95,Yes
2024-08-22,Store_Bangalore,Standard,401,139,34.9,2408.01,334713.39,326680.27,233110.15,93570.12,No
2024-09-21,Store_Chennai,Express,296,77,26.1,2195.27,169035.79,161936.29,102266.13,59670.16,Yes
2024-06-10,Store_Pune,Standard,366,46,12.6,1253.7,57670.2,54325.33,34359.86,19965.47,Yes
2023-08-01,Store_Mumbai,Express,173,51,29.8,478.65,24411.15,21579.46,17393.09,4186.37,No
2024-12-14,Store_Chennai,Standard,578,102,17.8,2212.06,225630.12,216153.65,150939.76,65213.89,Yes
2024-10-14,Store_Bangalore,Standard,435,91,21.0,2436.94,221761.54,213999.89,141732.07,72267.82,No
2023-05-31,Store_Pune,Express,208,19,9.6,398.53,7572.07,7254.04,5108.28,2145.76,No
2023-09-29,Store_Hyderabad,Flagship,1025,211,20.6,1390.41,293376.51,263745.48,200433.34,63312.14,No
2023-06-27,Store_Pune,Flagship,558,174,31.3,1391.11,242053.14,233581.28,164955.75,68625.53,No
2023-06-25,Store_Pune,Standard,655,172,26.3,2237.15,384789.8,353621.83,223207.48,130414.35,No
2024-05-12,Store_Hyderabad,Express,306,91,29.8,1009.71,91883.61,81684.53,52885.12,28799.41,No
2024-12-18,Store_Kolkata,Flagship,427,45,10.6,1788.65,80489.25,72520.81,49441.48,23079.33,No
2024-10-02,Store_Chennai,Express,178,23,13.4,1626.19,37402.37,34036.16,24111.58,9924.58,No
2023-04-16,Store_Hyderabad,Standard,667,117,17.6,1422.78,166465.26,161804.23,93977.58,67826.65,No
2024-07-11,Store_Mumbai,Flagship,1035,306,29.6,2334.1,714234.6,671380.52,427661.61,243718.91,Yes
2023-02-24,Store_Delhi,Standard,262,28,10.7,476.08,13330.24,12090.53,7850.29,4240.24,No
2024-01-08,Store_Pune,Flagship,776,124,16.0,1537.6,190662.4,175981.4,117916.05,58065.35,No
2024-04-30,Store_Mumbai,Flagship,1318,359,27.3,1709.49,613706.91,593454.58,382370.01,211084.57,No
2024-06-22,Store_Kolkata,Express,158,42,26.8,951.56,39965.52,37287.83,22335.49,14952.34,No
2024-11-25,Store_Hyderabad,Flagship,1286,432,33.6,1363.01,588820.32,520517.16,416599.41,103917.75,No
2024-03-30,Store_Bangalore,Standard,333,101,30.6,1758.55,177613.55,172107.53,132795.55,39311.98,Yes
2024-06-29,Store_Hyderabad,Standard,454,44,9.9,1619.2,71244.8,63835.34,51364.39,12470.95,No
2024-04-22,Store_Hyderabad,Standard,651,219,33.7,1192.21,261093.99,235506.78,147922.69,87584.09,No
2024-12-07,Store_Bangalore,Express,358,101,28.4,1851.53,187004.53,182142.41,133524.27,48618.14,No
2023-05-21,Store_Chennai,Express,201,45,22.4,1996.88,89859.6,85905.78,49556.45,36349.33,No
2024-10-26,Store_Mumbai,Express,131,39,30.1,974.92,38021.88,34485.85,28151.07,6334.78,No
2024-01-12,Store_Hyderabad,Standard,281,60,21.4,1201.47,72088.2,69348.85,47850.16,21498.69,No
2023-11-29,Store_Mumbai,Standard,487,87,18.0,870.97,75774.39,72591.87,48315.47,24276.4,Yes
2023-01-16,Store_Mumbai,Flagship,554,184,33.3,1635.57,300944.88,268743.78,170547.77,98196.01,Yes
2023-01-09,Store_Bangalore,Flagship,1108,134,12.1,2384.28,319493.52,292656.06,184564.14,108091.92,No
2024-12-09,Store_Chennai,Express,217,23,10.8,1428.21,32848.83,29366.85,22398.34,6968.51,No
2024-07-12,Store_Chennai,Flagship,695,88,12.8,506.74,44593.12,42586.43,30452.17,12134.26,No
2024-11-07,Store_Hyderabad,Standard,458,85,18.6,1827.38,155327.3,146007.66,110200.18,35807.48,No
2023-07-07,Store_Ahmedabad,Express,276,74,26.9,1273.42,94233.08,91029.16,57098.5,33930.66,Yes
2024-03-02,Store_Mumbai,Express,158,17,11.0,2181.63,37087.71,35900.9,24975.68,10925.22,No
2024-09-19,Store_Bangalore,Standard,539,107,19.9,654.25,70004.75,61674.18,49978.65,11695.53,Yes
2023-10-30,Store_Bangalore,Express,213,51,24.4,1543.91,78739.41,71337.91,56912.32,14425.59,No
2024-10-30,Store_Hyderabad,Express,294,49,16.8,1237.91,60657.59,58595.23,45444.29,13150.94,No
2024-02-25,Store_Bangalore,Standard,379,125,33.0,615.35,76918.75,73149.73,48692.03,24457.7,No
2023-02-13,Store_Kolkata,Flagship,433,147,34.0,772.17,113508.99,105790.38,76148.93,29641.45,No
2024-03-06,Store_Bangalore,Flagship,1178,170,14.5,475.83,80891.1,76442.09,47954.07,28488.02,No
2023-03-11,Store_Pune,Flagship,1208,419,34.7,2223.64,931705.16,883256.49,697935.85,185320.64,No
2024-07-19,Store_Hyderabad,Flagship,1326,140,10.6,2104.66,294652.4,266071.12,213020.96,53050.16,No
2023-11-28,Store_Pune,Standard,433,87,20.1,479.71,41734.77,39022.01,27097.62,11924.39,No
2023-11-07,Store_Ahmedabad,Standard,454,95,21.1,2488.68,236424.6,209235.77,161074.42,48161.35,No
2023-05-15,Store_Kolkata,Flagship,614,186,30.3,1173.42,218256.12,211053.67,154428.15,56625.52,No
2024-08-15,Store_Hyderabad,Standard,345,28,8.2,1152.53,32270.84,31302.71,19512.39,11790.32,Yes
2024-08-26,Store_Ahmedabad,Flagship,931,132,14.2,1965.1,259393.2,229562.98,154527.2,75035.78,Yes
2023-05-07,Store_Kolkata,Express,116,35,30.8,1399.35,48977.25,46283.5,36171.69,10111.81,Yes
2023-07-15,Store_Chennai,Standard,681,59,8.7,450.36,26571.24,25534.96,17117.92,8417.04,No
2024-07-26,Store_Delhi,Standard,586,140,23.9,1414.46,198024.4,181192.33,138370.83,42821.5,No
2024-03-26,Store_Chennai,Standard,294,71,24.3,1001.03,71073.13,67306.25,46441.64,20864.61,No
2024-02-06,Store_Bangalore,Flagship,1402,335,23.9,385.53,129152.55,123082.38,79986.14,43096.24,Yes
2024-09-30,Store_Chennai,Flagship,729,83,11.5,1934.23,160541.09,145129.15,102057.96,43071.19,No
2024-07-12,Store_Chennai,Standard,205,27,13.4,1238.99,33452.73,32214.98,22941.95,9273.03,No
2023-12-05,Store_Chennai,Flagship,694,108,15.6,2185.84,236070.72,218365.42,147057.71,71307.71,No
2024-08-06,Store_Chennai,Standard,366,69,19.1,1278.56,88220.64,79927.9,49803.17,30124.73,No
2023-08-05,Store_Pune,Express,284,30,10.9,1163.39,34901.7,31690.74,19932.37,11758.37,Yes
2023-04-01,Store_Pune,Standard,334,71,21.3,734.1,52121.1,48889.59,33929.51,14960.08,No
2023-05-23,Store_Ahmedabad,Flagship,452,69,15.4,1635.69,112862.61,102817.84,78998.17,23819.67,No
2024-10-02,Store_Bangalore,Flagship,1367,110,8.1,2229.75,245272.5,234480.51,174511.12,59969.39,Yes
2024-10-20,Store_Kolkata,Standard,607,119,19.7,437.61,52075.59,45930.67,35281.36,10649.31,No
2023-01-14,Store_Hyderabad,Standard,250,84,33.8,634.51,53298.84,51699.87,38119.38,13580.49,No
2023-01-04,Store_Pune,Flagship,543,160,29.6,1478.37,236539.2,228023.79,136794.87,91228.92,Yes
2023-07-14,Store_Delhi,Standard,365,82,22.5,1050.86,86170.52,77208.79,52760.74,24448.05,Yes
2023-01-19,Store_Delhi,Flagship,1217,310,25.5,782.25,242497.5,235222.57,171361.57,63861.0,No
2023-03-06,Store_Pune,Standard,388,50,13.1,1903.69,95184.5,87284.19,57288.48,29995.71,Yes
2023-08-04,Store_Chennai,Flagship,673,56,8.4,643.52,36037.12,33478.48,26547.6,6930.88,No
2023-12-11,Store_Chennai,Express,263,25,9.8,704.06,17601.5,15630.13,12724.53,2905.6,No
2024-06-08,Store_Ahmedabad,Standard,489,67,13.9,692.62,46405.54,43992.45,28339.05,15653.4,No
2024-02-18,Store_Mumbai,Standard,652,149,22.9,1195.4,178114.6,166359.04,127148.62,39210.42,No
2023-03-05,Store_Mumbai,Standard,282,59,21.2,1901.96,112215.64,108736.96,64540.78,44196.18,Yes
2023-07-21,Store_Pune,Standard,432,120,27.8,1477.85,177342.0,159785.14,116729.61,43055.53,Yes
2023-04-06,Store_Hyderabad,Express,247,31,12.8,1707.99,52947.69,48976.61,36984.16,11992.45,No
2024-11-06,Store_Ahmedabad,Express,278,66,23.9,2371.18,156497.88,150707.46,105061.71,45645.75,No
2024-08-05,Store_Chennai,Flagship,613,159,26.1,1485.02,236118.18,219353.79,168668.57,50685.22,No
2023-11-16,Store_Delhi,Standard,559,149,26.7,468.89,69864.61,64415.17,48311.05,16104.12,No
2024-09-17,Store_Chennai,Express,105,30,28.7,1306.25,39187.5,36248.44,23177.47,13070.97,No
2023-03-30,Store_Pune,Standard,701,157,22.5,1789.73,280987.61,263566.38,162847.3,100719.08,Yes
2023-03-18,Store_Bangalore,Standard,346,37,10.9,1674.08,61940.96,56366.27,35052.52,21313.75,No
2023-05-01,Store_Kolkata,Express,142,47,33.3,1962.28,92227.16,81805.49,69058.41,12747.08,Yes
2023-12-28,Store_Pune,Express,289,33,11.5,674.87,22270.71,20867.66,13879.41,6988.25,No
2023-09-29,Store_Kolkata,Standard,620,177,28.6,362.25,64118.25,60591.75,45599.01,14992.74,No
2023-10-04,Store_Chennai,Standard,481,63,13.2,2279.65,143617.95,128681.68,101874.98,26806.7,No
2024-10-22,Store_Pune,Flagship,1372,230,16.8,1536.21,353328.3,313048.87,231956.21,81092.66,No
2023-08-01,Store_Mumbai,Standard,685,108,15.8,2446.88,264263.04,241800.68,155809.29,85991.39,Yes
2024-04-22,Store_Hyderabad,Standard,592,175,29.7,2161.58,378276.5,354445.08,268700.95,85744.13,No
2024-09-02,Store_Delhi,Express,166,46,28.1,625.99,28795.54,26463.1,17305.93,9157.17,Yes
2023-06-06,Store_Hyderabad,Standard,401,133,33.2,2427.88,322908.04,291908.87,185084.97,106823.9,No
2024-07-09,Store_Ahmedabad,Express,258,29,11.4,804.55,23331.95,22048.69,15395.6,6653.09,No
2024-07-15,Store_Chennai,Flagship,1371,414,30.2,1132.87,469008.18,458220.99,336324.95,121896.04,No
2024-10-15,Store_Pune,Flagship,564,52,9.3,595.24,30952.48,27857.23,22882.45,4974.78,No
2024-01-18,Store_Pune,Flagship,1225,327,26.7,1726.17,564457.59,497851.59,391650.69,106200.9,Yes
2024-04-05,Store_Mumbai,Express,187,22,12.2,602.55,13256.1,12646.32,8222.69,4423.63,No
2023-08-19,Store_Bangalore,Flagship,1217,127,10.5,686.5,87185.5,81431.26,63450.58,17980.68,Yes
2023-05-27,Store_Ahmedabad,Flagship,1379,438,31.8,1529.44,669894.72,642429.04,500548.5,141880.54,No
2024-08-22,Store_Hyderabad,Express,335,31,9.5,2498.87,77464.97,74366.37,53588.48,20777.89,Yes
2023-08-08,Store_Kolkata,Standard,293,31,10.8,2386.99,73996.69,67041.0,42924.86,24116.14,No
2024-08-08,Store_Hyderabad,Flagship,698,191,27.5,762.42,145622.22,133826.82,82680.78,51146.04,No
2024-05-11,Store_Ahmedabad,Flagship,1140,160,14.1,2315.17,370427.2,338940.89,256622.04,82318.85,No
2023-04-28,Store_Delhi,Flagship,751,249,33.2,1346.43,335261.07,325203.24,213408.95,111794.29,No
2024-02-18,Store_Mumbai,Flagship,673,232,34.5,425.25,98658.0,93429.13,57081.07,36348.06,Yes
2023-10-15,Store_Delhi,Express,355,118,33.4,1506.37,177751.66,163531.53,116079.62,47451.91,No
